,match_id,assists,baron_kills,bounty_level,champion_experience,consumables_purchased,damage_dealt_to_buildings,damage_dealt_to_objectives,damage_dealt_to_turrets,damage_self_mitigated,deaths,double_kills,dragon_kills,duration,first_blood_assist,first_blood_kill,first_tower_assist,first_tower_kill,gold_earned,gold_spent,inhibitor_kills,inhibitor_takedowns,inhibitors_lost,kda,killing_sprees,kills,largest_critical_strike,largest_killing_spree,largest_multi_kill,level,longest_time_spent_living,magic_damage_dealt,magic_damage_dealt_to_champions,magic_damage_taken,neutral_minions_killed,nexus_kills,nexus_lost,nexus_takedowns,objectives_stolen,objectives_stolen_assists,penta_kills,physical_damage_dealt,physical_damage_dealt_to_champions,physical_damage_taken,quadra_kills,sight_wards_bought,spell_1_casts,spell_2_casts,spell_3_casts,spell_4_casts,summoner_spell_1_casts,summoner_spell_2_casts,time_CCing_others,time_played,total_damage_dealt,total_damage_dealt_to_champions,total_damage_shielded_on_teammates,total_damage_taken,total_heal,total_heals_on_teammates,total_minions_killed,total_time_cc_dealt,total_time_spent_dead,total_units_healed,triple_kills,true_damage_dealt,true_damage_dealt_to_champions,true_damage_taken,turret_kills,turret_takedowns,turrets_lost,vision_score,vision_wards_bought,vision_wards_placed,wards_killed,wards_placed,win
0,7075054854,14.204296361245069,0.0,2,15930.118369136344,3.156510302498904,4937.571240683911,28511.179307321352,4937.571240683911,18134.151687856203,5.523893029373082,0.789127575624726,0.0,38.016666666666666,False,False,False,True,13990.442788250768,13217.88689171416,0.789127575624726,0.789127575624726,0.789127575624726,4.0,3.156510302498904,7.891275756247261,0.0,2.367382726874178,1.578255151249452,18,406.4007014467339,71715.91407277511,15250.679526523456,7873.914949583516,11.836913634370891,0.789127575624726,0.0,0.789127575624726,0.0,0.0,0.0,136380.18412976764,14319.508987286279,15666.549758877685,0.0,0.0,89.17141604559404,41.82376150811048,66.28671635247699,9.469530907496711,3.9456378781236303,4.734765453748356,1.578255151249452,1800.0,211664.53309951775,30111.530030688296,0.0,23930.293730819816,5867.952652345462,0.0,203.59491451117933,71.02148180622534,203.59491451117933,0.789127575624726,0.0,3568.4348969750113,540.5523893029373,389.8290223586147,2.367382726874178,3.156510302498904,6.313020604997808,12.626041209995616,0.0,0.0,3.156510302498904,5.523893029373082,True
1,7072826124,7.12401055408971,0.0,5,16526.51715039578,1.187335092348285,6580.211081794196,17474.01055408971,6580.211081794196,12199.86807387863,3.562005277044855,3.562005277044855,1.187335092348285,25.266666666666666,False,False,False,False,16255.80474934037,13773.087071240107,1.187335092348285,1.187335092348285,0.0,6.0,2.37467018469657,14.24802110817942,0.0,5.936675461741425,3.562005277044855,15,596.0422163588391,66455.14511873352,15615.831134564645,2410.290237467019,16.62269129287599,0.0,0.0,1.187335092348285,0.0,0.0,0.0,127449.73614775727,13473.878627968339,12556.068601583114,0.0,0.0,80.73878627968338,34.43271767810027,51.05540897097626,7.12401055408971,4.74934036939314,4.74934036939314,5.936675461741425,1800.0000000000002,196853.03430079157,29550.39577836412,0.0,16648.81266490765,3928.8918205804753,0.0,244.59102902374673,150.7915567282322,84.30079155672824,1.187335092348285,1.187335092348285,2946.9656992084433,460.6860158311346,1681.2664907651717,3.562005277044855,5.936675461741425,2.37467018469657,9.49868073878628,0.0,0.0,2.37467018469657,7.12401055408971,True
2,7071975428,7.855361596009976,0.0,7,15115.960099750624,1.1221945137157108,7956.35910224439,37122.19451371571,7956.35910224439,15236.034912718205,4.488778054862843,4.488778054862843,1.1221945137157108,26.733333333333334,False,False,False,False,16590.52369077307,14812.967581047382,1.1221945137157108,1.1221945137157108,0.0,5.5,3.3665835411471323,16.83291770573566,0.0,7.855361596009976,2.2443890274314215,15,886.5336658354115,76965.71072319202,14247.381546134664,14750.124688279302,17.955112219451372,1.1221945137157108,0.0,1.1221945137157108,0.0,0.0,0.0,137879.5511221945,18536.40897755611,10309.600997506235,0.0,0.0,88.65336658354116,38.15461346633417,66.20947630922693,7.855361596009976,4.488778054862843,5.610972568578553,3.3665835411471323,1800.0,216756.3591022444,33387.53117206983,0.0,26642.01995012469,8002.369077306734,0.0,221.07231920199501,50.49875311720699,66.20947630922693,1.1221945137157108,0.0,1909.9750623441398,603.7406483790523,1581.1720698254364,2.2443890274314215,5.610972568578553,3.3665835411471323,21.321695760598505,0.0,0.0,2.2443890274314215,10.099750623441397,True
3,7071690356,3.2085561497326207,0.0,0,12283.422459893049,2.1390374331550803,1269.51871657754,4018.1818181818185,1269.51871657754,12117.64705882353,5.347593582887701,0.0,0.0,28.05,False,False,False,False,10977.540106951872,10534.759358288771,0.0,0.0,0.0,1.2,1.0695187165775402,3.2085561497326207,0.0,2.1390374331550803,1.0695187165775402,14,640.6417112299465,34936.898395721924,7494.117647058824,6063.101604278075,0.0,0.0,0.0,0.0,0.0,0.0,0.0,115524.064171123,9829.946524064171,11581.818181818182,0.0,0.0,78.07486631016043,26.737967914438503,37.43315508021391,8.556149732620321,4.278074866310161,4.278074866310161,1.0695187165775402,1800.0,151833.1550802139,17503.74331550802,0.0,18191.44385026738,2737.9679144385027,0.0,231.01604278074868,42.780748663101605,168.98395721925135,1.0695187165775402,0.0,1371.1229946524065,179.67914438502675,545.4545454545455,0.0,0.0,5.347593582887701,12.834224598930483,0.0,0.0,2.1390374331550803,7.486631016042781,False
4,7061656764,5.787781350482315,1.157556270096463,0,15879.35691318328,1.157556270096463,4758.713826366559,19357.813504823152,4758.713826366559,16844.75884244373,8.10289389067524,3.472668810289389,0.0,25.916666666666668,False,False,False,False,16417.620578778136,13832.797427652733,2.315112540192926,2.315112540192926,0.0,3.0,6.945337620578778,18.520900321543408,0.0,4.630225080385852,2.315112540192926,15,306.7524115755627,50140.70739549839,16125.916398713825,4396.3987138263665,4.630225080385852,0.0,0.0,1.157556270096463,0.0,0.0,0.0,119920.51446945338,17069.324758842442,19101.99356913183,0.0,0.0,82.18649517684888,35.88424437299035,50.93247588424437,8.10289389067524,4.630225080385852,6.945337620578778,3.472668810289389,1800.0,172137.87781350483,33687.20257234727,0.0,25134.019292604502,4523.729903536977,0.0,206.0450160771704,74.08360128617363,169.0032154340836,1.157556270096463,0.0,2075.4983922829583,491.9614147909968,1634.4694533762058,2.315112540192926,3.472668810289389,4.630225080385852,13.890675241157556,0.0,0.0,1.157556270096463,9.260450160771704,True
5,7061304802,7.4792243767313025,0.0,0,14125.761772853186,1.2465373961218837,3577.5623268698064,5265.3739612188365,3577.5623268698064,12331.994459833795,8.725761772853186,1.2465373961218837,0.0,24.066666666666666,False,False,False,False,14983.379501385043,14896.121883656511,0.0,0.0,1.2465373961218837,2.142857142857143,2.4930747922437675,11.218836565096954,0.0,7.4792243767313025,3.7396121883656512,13,446.26038781163436,51954.43213296399,11069.252077562327,11121.606648199448,18.698060941828256,0.0,1.2465373961218837,0.0,0.0,0.0,0.0,111432.96398891967,15070.637119113575,11087.950138504157,0.0,0.0,87.25761772853187,38.6426592797784,62.32686980609419,7.4792243767313025,3.7396121883656512,6.232686980609419,4.986149584487535,1800.0000000000002,167527.14681440443,26564.958448753463,0.0,24601.662049861498,3250.9695290858726,0.0,213.1578947368421,98.47645429362882,191.9667590027701,1.2465373961218837,1.2465373961218837,4139.750692520776,423.82271468144046,2390.858725761773,0.0,0.0,9.97229916897507,13.711911357340721,0.0,0.0,1.2465373961218837,7.4792243767313025,False
6,7060386461,9.473684210526315,0.0,7,15306.766917293233,2.706766917293233,18242.255639097744,27526.46616541353,18242.255639097744,6747.96992481203,1.3533834586466165,0.0,0.0,22.166666666666668,False,False,False,True,18673.984962406015,15563.90977443609,1.3533834586466165,1.3533834586466165,0.0,21.0,2.706766917293233,18.94736842105263,0.0,9.473684210526315,1.3533834586466165,13,886.4661654135338,67510.82706766918,21631.12781954887,5487.96992481203,5.413533834586466,1.3533834586466165,0.0,1.3533834586466165,0.0,0.0,0.0,139356.54135338345,22142.70676691729,6906.315789473684,0.0,0.0,96.09022556390977,29.774436090225564,54.13533834586466,6.7669172932330826,4.060150375939849,2.706766917293233,5.413533834586466,1800.0,210617.59398496238,44416.691729323305,0.0,12759.6992481203,3766.4661654135334,0.0,266.61654135338347,62.25563909774436,21.654135338345863,1.3533834586466165,0.0,3750.2255639097743,641.5037593984962,364.0601503759398,6.7669172932330826,6.7669172932330826,1.3533834586466165,10.827067669172932,0.0,0.0,2.706766917293233,6.7669172932330826,True
7,7052654476,8.834355828220858,0.0,4,17524.049079754597,3.3128834355828216,6726.257668711655,44508.58895705521,6726.257668711655,10775.705521472391,3.3128834355828216,3.3128834355828216,0.0,27.166666666666668,False,False,False,True,20713.25153374233,17668.711656441716,3.3128834355828216,3.3128834355828216,0.0,10.333333333333334,4.417177914110429,25.398773006134967,0.0,9.938650306748464,3.3128834355828216,16,686.8711656441717,103237.17791411042,33146.50306748466,8600.245398773004,8.834355828220858,0.0,0.0,1.1042944785276072,0.0,0.0,0.0,150730.67484662574,24011.779141104293,8815.582822085888,0.0,0.0,98.28220858895705,40.85889570552147,78.4049079754601,8.834355828220858,4.417177914110429,3.3128834355828216,8.834355828220858,1799.9999999999998,263825.8895705521,58661.22699386502,0.0,17929.32515337423,4472.392638036809,0.0,251.77914110429444,142.45398773006133,109.32515337423311,1.1042944785276072,1.1042944785276072,9856.932515337421,1501.8404907975457,511.2883435582821,3.3128834355828216,4.417177914110429,3.3128834355828216,15.4601226993865,0.0,0.0,6.625766871165643,4.417177914110429,True
8,7048033517,3.665987780040733,0.0,0,12359.26680244399,3.665987780040733,5582.077393075356,8717.718940936862,5582.077393075356,12740.529531568227,13.441955193482688,0.0,0.0,24.55,False,False,False,True,12006.1099796334,11120.162932790223,0.0,0.0,2.4439918533604885,0.6363636363636364,1.2219959266802443,4.887983706720977,0.0,2.4439918533604885,1.2219959266802443,13,469.2464358452138,31407.739307535638,7261.099796334011,10116.904276985742,0.0,0.0,1.2219959266802443,0.0,0.0,0.0,0.0,110769.04276985742,11399.999999999998,17975.560081466392,0.0,0.0,80.65173116089612,23.217922606924642,53.76782077393075,3.665987780040733,3.665987780040733,6.109979633401221,0.0,1799.9999999999998,146578.4114052953,18661.09979633401,0.0,28720.57026476578,2481.8737270875763,0.0,219.95926680244398,37.88187372708757,316.49694501018325,1.2219959266802443,0.0,4400.40733197556,0.0,625.6619144602851,1.2219959266802443,1.2219959266802443,10.997963340122197,14.663951120162931,0.0,0.0,1.2219959266802443,7.331975560081466,False
9,7047818263,5.9064807219032,0.0,8,13846.267432321576,1.4766201804758,14117.965545529123,15404.101722723544,14117.965545529123,9999.671862182116,1.4766201804758,1.4766201804758,0.0,20.316666666666666,False,False,False,True,15604.922067268253,13289.581624282198,0.0,0.0,0.0,12.0,1.4766201804758,11.8129614438064,0.0,11.8129614438064,2.9532403609516,12,1439.704675963905,39980.96800656276,9900.738310090239,4469.729286300247,0.0,1.4766201804758,0.0,1.4766201804758,0.0,0.0,0.0,124899.91796554554,15860.377358490567,10554.881050041018,0.0,0.0,78.26086956521739,32.4856439704676,48.728465955701395,5.9064807219032,4.4298605414273995,5.9064807219032,0.0,1800.0,171369.15504511897,25761.115668580806,0.0,15568.006562756358,4444.626743232157,0.0,256.9319114027892,0.0,11.8129614438064,1.4766201804758,0.0,6488.269073010665,0.0,541.9196062346185,2.9532403609516,7.383100902379,0.0,17.719442165709598,0.0,0.0,2.9532403609516,10.336341263330599,True
10,7047460259,7.3245167853509665,0.0,0,13317.802644964395,0.9155645981688708,2733.875890132248,11536.113936927772,2733.875890132248,20921.566632756865,9.155645981688709,1.8311291963377416,0.0,32.766666666666666,False,False,False,False,14734.181078331638,13687.690742624618,0.0,0.0,1.8311291963377416,1.9,3.6622583926754833,10.07121057985758,0.0,2.7466937945066126,1.8311291963377416,15,401.9328585961343,75114.75076297049,21464.496439471008,13295.829094608342,7.3245167853509665,0.0,0.9155645981688708,0.0,0.0,0.0,0.0,141595.72736520856,21183.418107833164,15572.838250254325,0.0,0.0,90.64089521871821,44.86266531027467,68.66734486266532,9.155645981688709,4.577822990844354,6.408952187182096,1.8311291963377416,1800.0,217669.98982706002,42889.62360122075,0.0,31281.18006103764,3713.53001017294,0.0,245.37131230925738,30.213631739572737,254.52695829094608,0.9155645981688708,0.0,957.6805696846388,241.7090539165819,2412.5127161749747,1.8311291963377416,1.8311291963377416,10.07121057985758,22.88911495422177,0.0,0.0,7.3245167853509665,9.155645981688709,False
11,7047193616,5.544147843942505,0.0,0,12476.18069815195,1.8480492813141682,5279.876796714579,5667.967145790554,5279.876796714579,6767.5564681724845,3.6960985626283365,0.0,0.0,16.233333333333334,False,False,False,True,12518.685831622175,10764.88706365503,0.0,0.0,0.0,2.5,0.0,3.6960985626283365,0.0,0.0,1.8480492813141682,10,1119.917864476386,19581.930184804925,4531.416837782341,5856.4681724846,0.0,0.0,0.0,0.0,0.0,0.0,0.0,101609.4455852156,14067.35112936345,6872.895277207392,0.0,0.0,79.46611909650923,16.632443531827516,48.049281314168375,3.6960985626283365,5.544147843942505,1.8480492813141682,0.0,1799.9999999999998,127611.49897330595,18827.926078028748,0.0,13239.425051334701,1824.024640657084,0.0,232.85420944558518,0.0,88.70636550308008,1.8480492813141682,0.0,6418.275154004106,227.3100616016427,510.06160164271046,1.8480492813141682,1.8480492813141682,0.0,5.544147843942505,0.0,0.0,0.0,3.6960985626283365,True
12,7046676172,10.557184750733137,0.0,6,14793.255131964808,2.6392961876832843,5454.105571847507,5454.105571847507,5454.105571847507,9665.102639296187,5.278592375366569,1.3196480938416422,0.0,22.733333333333334,False,False,False,False,14587.390029325512,11019.061583577712,0.0,2.6392961876832843,0.0,4.0,1.3196480938416422,10.557184750733137,0.0,7.9178885630498534,2.6392961876832843,13,473.75366568914956,37871.260997067446,10146.774193548386,7647.360703812316,1.3196480938416422,0.0,0.0,1.3196480938416422,0.0,0.0,0.0,126831.37829912023,16103.665689149559,9691.49560117302,0.0,0.0,81.81818181818181,29.032258064516128,58.064516129032256,5.278592375366569,2.6392961876832843,5.278592375366569,2.6392961876832843,1800.0,167273.3137829912,26646.334310850438,0.0,17721.554252199414,3442.9618768328446,0.0,229.61876832844573,80.49853372434018,68.6217008797654,1.3196480938416422,0.0,2570.674486803519,395.89442815249265,381.3782991202346,2.6392961876832843,5.278592375366569,2.6392961876832843,11.87683284457478,0.0,0.0,2.6392961876832843,5.278592375366569,True
13,7042849501,5.747126436781609,1.1494252873563218,1,16285.057471264367,1.1494252873563218,12505.747126436781,39222.988505747126,12505.747126436781,9617.241379310344,4.597701149425287,3.4482758620689653,1.1494252873563218,26.1,False,False,False,False,16185.057471264367,13620.689655172413,0.0,1.1494252873563218,0.0,4.0,1.1494252873563218,12.643678160919539,0.0,9.195402298850574,2.2988505747126435,15,879.3103448275862,62767.81609195402,11685.057471264367,5426.436781609195,10.344827586206897,0.0,0.0,1.1494252873563218,0.0,0.0,0.0,139568.96551724136,17682.758620689656,10660.919540229885,0.0,0.0,96.55172413793103,27.586206896551722,54.02298850574712,6.896551724137931,3.4482758620689653,4.597701149425287,2.2988505747126435,1800.0,210252.87356321837,30041.379310344826,0.0,16340.22988505747,3728.735632183908,0.0,243.6781609195402,36.7816091954023,119.54022988505747,1.1494252873563218,0.0,7914.942528735632,673.5632183908045,252.87356321839079,4.597701149425287,6.896551724137931,5.747126436781609,17.241379310344826,0.0,0.0,1.1494252873563218,9.195402298850574,True
14,7037464442,0.0,0.0,0,5014.538310412574,3.5363457760314345,0.0,0.0,0.0,3769.7445972495093,7.072691552062869,0.0,0.0,8.483333333333333,False,False,False,False,7458.153241650295,2298.6247544204325,0.0,0.0,0.0,0.0,0.0,0.0,0.0,0.0,0.0,4,597.6424361493124,3865.2259332023577,2160.7072691552066,1464.0471512770139,0.0,0.0,0.0,0.0,0.0,0.0,0.0,32368.17288801572,4706.876227897839,8886.836935166995,0.0,0.0,31.82711198428291,10.609037328094303,7.072691552062869,0.0,0.0,3.5363457760314345,0.0,1800.0000000000002,36236.93516699411,6871.119842829077,0.0,10350.884086444008,915.9135559921416,0.0,141.4538310412574,0.0,49.50884086444008,3.5363457760314345,0.0,0.0,0.0,0.0,0.0,0.0,0.0,0.0,0.0,0.0,0.0,0.0,False
15,7030276514,14.114391143911439,0.0,18,17799.077490774907,1.6605166051660516,9396.863468634687,15761.623616236162,9396.863468634687,29433.48708487085,1.6605166051660516,1.6605166051660516,0.0,36.13333333333333,False,False,False,False,18208.39483394834,15940.959409594096,0.0,0.8302583025830258,2.4907749077490773,19.0,1.6605166051660516,17.43542435424354,0.0,14.944649446494465,2.4907749077490773,18,1086.8081180811807,120409.0405904059,32498.80073800738,16884.963099630997,9.96309963099631,0.8302583025830258,0.0,0.8302583025830258,0.0,0.0,0.0,161754.2435424354,19395.664206642065,18999.630996309963,0.0,0.0,97.14022140221402,55.62730627306273,68.91143911439114,13.284132841328413,4.151291512915129,5.8118081180811805,0.0,1800.0,283907.65682656824,52145.20295202952,0.0,38804.61254612546,11652.675276752767,0.0,278.96678966789665,11.623616236162361,28.228782287822877,0.8302583025830258,0.8302583025830258,1743.5424354243542,250.73800738007378,2919.1881918819186,2.4907749077490773,4.151291512915129,7.472324723247232,18.265682656826566,0.0,0.0,3.321033210332103,9.96309963099631,True
16,7024816018,9.085810431856423,0.0,11,16938.979248457657,2.019068984856983,9778.351093662368,41281.884464385876,9778.351093662368,11351.205832865959,4.038137969713966,3.0286034772854746,0.0,29.716666666666665,False,False,False,True,17785.978687605162,16303.982052720137,0.0,1.0095344924284915,0.0,7.0,3.0286034772854746,19.18115535614134,0.0,11.104879416713406,2.019068984856983,17,670.3309029725183,96999.10263600675,24537.745372966914,5391.923724060573,12.114413909141899,1.0095344924284915,0.0,1.0095344924284915,0.0,0.0,0.0,138742.34436343244,18197.868760515987,10577.902411665733,0.0,0.0,94.8962422882782,40.38137969713966,58.5530005608525,7.0667414469994405,4.038137969713966,3.0286034772854746,4.038137969713966,1800.0000000000002,241006.16937745377,43355.468311833996,0.0,17608.300616937748,5862.36679753225,0.0,243.29781267526644,70.6674144699944,94.8962422882782,1.0095344924284915,0.0,5264.722378014583,619.8541783510938,1638.4744812114416,4.038137969713966,5.047672462142457,7.0667414469994405,21.20022434099832,0.0,0.0,2.019068984856983,8.076275939427932,True
17,7024448687,7.746100053792361,0.0,0,14714.685314685314,1.9365250134480902,2368.3700914470146,5936.417428725121,2368.3700914470146,18567.40182894029,9.682625067240451,0.9682625067240451,0.0,30.983333333333334,False,False,False,True,15005.164066702528,14620.763851533082,0.0,0.0,3.8730500268961805,1.9,2.9047875201721354,10.650887573964496,0.0,3.8730500268961805,1.9365250134480902,16,337.92361484669175,63892.738031199566,20432.2754168908,14242.17321140398,0.0,0.0,0.9682625067240451,0.0,0.0,0.0,0.0,115372.35072619688,19274.23345884884,13410.435718128025,0.0,0.0,88.1118881118881,38.730500268961805,61.00053792361484,8.714362560516406,4.841312533620226,6.777837547068316,6.777837547068316,1800.0,199771.920387305,40688.32705755782,0.0,29472.94244217321,6288.864981172673,0.0,216.8908015061861,115.22323830016137,248.8434642280796,0.9682625067240451,0.0,20505.863367401827,981.8181818181818,1819.365250134481,1.9365250134480902,1.9365250134480902,10.650887573964496,15.492200107584722,0.0,0.0,1.9365250134480902,7.746100053792361,False
18,7024192091,11.42527409117138,0.0,5,14447.778418926717,1.03866128101558,3607.270628967109,9929.601846508944,3607.270628967109,9897.403346797462,3.11598384304674,2.07732256203116,0.0,28.883333333333333,False,False,False,False,13936.757068667051,11788.805539526833,0.0,1.03866128101558,0.0,6.333333333333333,2.07732256203116,8.30929024812464,0.0,5.1933064050779,2.07732256203116,15,588.9209463358338,56259.08828620889,13698.903635314484,4332.256203115984,12.46393537218696,0.0,0.0,0.0,0.0,0.0,0.0,112887.93998845933,11648.58626658973,10143.566070398154,0.0,0.0,76.86093479515291,34.27582227351414,47.77841892671668,4.15464512406232,4.15464512406232,4.15464512406232,3.11598384304674,1800.0,170913.79111367572,25891.748413156376,0.0,15618.349682631277,6285.97807270629,0.0,224.3508366993653,67.5129832660127,69.59030582804385,1.03866128101558,0.0,1765.724177726486,544.2585112521639,1141.4887478361225,2.07732256203116,3.11598384304674,5.1933064050779,22.85054818234276,0.0,0.0,6.23196768609348,9.34795152914022,True
19,7023849183,11.626541397533764,1.0569583088667058,8,16299.35408103347,1.0569583088667058,8765.355255431592,20584.263065179097,8765.355255431592,17993.6582501468,9.512624779800353,2.1139166177334117,1.0569583088667058,28.383333333333333,False,False,False,False,16877.510275983557,12524.955960070463,1.0569583088667058,1.0569583088667058,0.0,2.7777777777777777,2.1139166177334117,14.79741632413388,0.0,8.455666470933647,4.227833235466823,16,280.09395184967707,80248.50264239578,14152.67175572519,9256.84086905461,29.59483264826776,0.0,0.0,1.0569583088667058,0.0,0.0,0.0,143630.06459189666,14947.504403992954,19099.236641221374,1.0569583088667058,0.0,89.84145625366999,34.87962419260129,73.98708162066941,6.341749853200235,3.1708749266001175,6.341749853200235,1.0569583088667058,1800.0,226140.45801526718,29244.979448032882,0.0,28363.476218438052,5368.291250733999,0.0,225.13211978860835,85.61362301820317,186.02466236054022,1.0569583088667058,1.0569583088667058,2261.8907809747507,143.74633000587198,6.341749853200235,2.1139166177334117,4.227833235466823,5.28479154433353,17.968291250733998,0.0,0.0,3.1708749266001175,7.39870816206694,True
20,7022088058,3.6885245901639347,0.0,0,13896.516393442624,0.9221311475409837,5385.245901639345,5385.245901639345,5385.245901639345,17752.868852459018,8.299180327868854,0.9221311475409837,0.0,32.53333333333333,False,False,False,False,14853.688524590165,13601.434426229509,0.0,0.0,1.8442622950819674,1.5555555555555556,2.766393442622951,9.221311475409838,0.0,3.6885245901639347,1.8442622950819674,16,473.05327868852464,68370.4918032787,11751.639344262296,10140.676229508197,7.3770491803278695,0.0,0.9221311475409837,0.0,0.0,0.0,0.0,142964.44672131148,21047.643442622953,15476.12704918033,0.0,0.0,89.44672131147541,29.508196721311478,50.7172131147541,6.454918032786885,3.6885245901639347,5.532786885245902,1.8442622950819674,1800.0000000000002,212648.97540983607,33164.44672131148,0.0,26409.836065573774,3756.7622950819677,0.0,262.80737704918033,70.08196721311477,242.5204918032787,0.9221311475409837,0.0,1313.1147540983607,365.16393442622956,792.110655737705,0.9221311475409837,2.766393442622951,8.299180327868854,12.90983606557377,0.0,0.0,0.9221311475409837,7.3770491803278695,False
21,7021866550,7.20360180090045,0.0,0,16333.266633316658,1.8009004502251125,6668.7343671835915,18988.694347173587,6668.7343671835915,19481.240620310153,9.904952476238119,0.0,0.0,33.31666666666667,False,False,False,False,13744.472236118057,12831.415707853927,0.0,0.9004502251125562,0.9004502251125562,1.5454545454545454,2.7013506753376686,8.104052026013006,0.0,1.8009004502251125,0.9004502251125562,17,399.799899949975,69580.49024512256,13767.883941970986,11442.921460730364,3.601800900450225,0.0,0.0,0.0,0.0,0.0,0.0,142238.71935967985,16661.93096548274,15820.910455227613,0.0,0.0,83.74187093546773,33.31665832916458,56.72836418209104,8.104052026013006,3.601800900450225,4.502251125562781,4.502251125562781,1800.0,219230.81540770383,31009.70485242621,0.0,28899.04952476238,3202.00100050025,0.0,235.91795897948973,64.83241620810405,267.4337168584292,0.9004502251125562,0.0,7410.7053526763375,579.8899449724862,1635.217608804402,1.8009004502251125,4.502251125562781,8.104052026013006,14.4072036018009,0.0,0.0,1.8009004502251125,9.004502251125562,True
22,7021706769,9.53502060035315,0.0,0,15367.274867569158,2.1188934667451442,11469.570335491466,20754.56150676869,11469.570335491466,8971.39493819894,4.2377869334902885,1.0594467333725721,0.0,28.316666666666666,False,False,False,False,14580.105944673338,14567.392583872866,1.0594467333725721,2.1188934667451442,0.0,3.5,2.1188934667451442,5.29723366686286,0.0,2.1188934667451442,2.1188934667451442,15,675.927015891701,47782.10712183637,9361.271336080048,7676.751030017657,4.2377869334902885,0.0,0.0,0.0,0.0,0.0,0.0,130276.98646262508,9272.277810476751,6799.529134785168,0.0,0.0,85.81518540317835,28.605061801059446,43.43731606827546,6.356680400235433,3.1783402001177166,4.2377869334902885,2.1188934667451442,1800.0,179813.53737492644,18951.38316656857,0.0,14658.505002942908,2888.0517951736315,0.0,255.3266627427899,47.67510300176575,81.57739846968805,1.0594467333725721,0.0,1754.4437904649794,317.83402001177166,181.16539140670983,5.29723366686286,6.356680400235433,3.1783402001177166,13.772807533843437,0.0,0.0,2.1188934667451442,5.29723366686286,True
23,7020392765,3.7292817679558015,0.0,0,11929.972375690608,2.4861878453038675,3853.5911602209944,4333.425414364641,3853.5911602209944,12782.734806629835,9.94475138121547,0.0,0.0,24.133333333333333,False,False,False,False,13943.784530386742,12617.403314917128,0.0,0.0,3.7292817679558015,1.125,1.2430939226519337,7.458563535911603,0.0,4.972375690607735,1.2430939226519337,12,505.939226519337,42229.14364640884,13298.618784530387,9922.375690607736,0.0,0.0,1.2430939226519337,0.0,0.0,0.0,0.0,118428.31491712708,14459.668508287294,13417.955801104972,0.0,0.0,85.77348066298343,27.34806629834254,45.99447513812155,4.972375690607735,2.4861878453038675,6.2154696132596685,0.0,1800.0,160842.67955801106,27758.28729281768,0.0,24295.027624309394,2563.259668508287,0.0,251.1049723756906,0.0,247.3756906077348,1.2430939226519337,0.0,183.9779005524862,0.0,953.4530386740332,1.2430939226519337,1.2430939226519337,13.67403314917127,9.94475138121547,0.0,0.0,2.4861878453038675,4.972375690607735,False
24,7020264992,9.540636042402827,0.0,1,15125.088339222615,3.1802120141342756,15565.547703180211,23287.10247349823,15565.547703180211,9518.374558303887,6.360424028268551,3.1802120141342756,1.5901060070671378,18.866666666666667,False,True,False,False,18718.727915194348,16378.09187279152,0.0,1.5901060070671378,0.0,4.0,3.1802120141342756,15.901060070671377,0.0,7.950530035335689,4.770318021201414,12,825.2650176678445,52131.62544169611,13493.63957597173,4313.957597173145,6.360424028268551,1.5901060070671378,0.0,1.5901060070671378,0.0,0.0,0.0,118254.59363957596,17874.381625441696,12157.950530035336,0.0,0.0,84.2756183745583,23.851590106007066,42.93286219081272,7.950530035335689,4.770318021201414,6.360424028268551,1.5901060070671378,1800.0,174219.96466431094,31635.159010600706,0.0,16786.749116607774,2184.8056537102475,0.0,278.2685512367491,14.31095406360424,130.3886925795053,1.5901060070671378,1.5901060070671378,3832.155477031802,267.1378091872792,314.8409893992933,6.360424028268551,7.950530035335689,0.0,6.360424028268551,0.0,0.0,1.5901060070671378,6.360424028268551,True
25,7020096393,6.4631956912028725,0.0,2,13614.721723518851,1.0771992818671454,2277.1992818671456,3946.858168761221,2277.1992818671456,16007.181328545781,7.540394973070018,2.154398563734291,0.0,27.85,False,False,False,True,14242.728904847398,12980.251346499103,0.0,0.0,3.2315978456014363,2.2857142857142856,2.154398563734291,10.771992818671453,633.3931777378815,3.2315978456014363,2.154398563734291,14,398.5637342908438,10615.798922800717,3761.579892280072,10174.147217235188,8.617594254937163,0.0,1.0771992818671454,0.0,0.0,0.0,0.0,150756.19389587073,16282.94434470377,14201.795332136446,0.0,0.0,80.78994614003591,18.31238779174147,51.70556552962298,7.540394973070018,3.2315978456014363,6.4631956912028725,1.0771992818671454,1800.0,163321.72351885098,20625.134649910233,0.0,25954.039497307003,2731.7773788150807,0.0,226.21184919210054,32.31597845601436,197.12746858168762,1.0771992818671454,0.0,1947.576301615799,579.5332136445243,1577.019748653501,1.0771992818671454,1.0771992818671454,11.8491921005386,21.543985637342907,0.0,0.0,6.4631956912028725,7.540394973070018,False
26,7019943794,7.6473712161444505,0.0,0,14689.644184811472,1.9118428040361126,4909.612320764737,8967.498672331387,4909.612320764737,23875.092936802976,6.691449814126394,2.867764206054169,0.9559214020180563,31.383333333333333,False,True,True,False,17793.5209771641,20466.277217206585,0.0,0.0,1.9118428040361126,3.7142857142857144,3.8236856080722252,17.206585236325015,0.0,6.691449814126394,2.867764206054169,16,455.97450876261286,61258.3112055231,15993.5209771641,5899.946893255444,9.559214020180564,0.0,0.9559214020180563,0.0,0.0,0.0,0.0,175226.12851832184,35636.74986723314,17008.709506107276,0.0,0.0,102.28359001593202,27.721720658523633,58.311205523101435,7.6473712161444505,4.779607010090282,5.735528412108338,0.9559214020180563,1800.0,236829.52734997345,51773.65905469995,0.0,25358.682952735,5723.101433882103,0.0,246.62772172065854,10.51513542219862,182.58098778544874,0.9559214020180563,0.9559214020180563,344.1317047265003,143.38821030270844,2449.0706319702604,0.9559214020180563,1.9118428040361126,9.559214020180564,21.03027084439724,0.0,0.0,3.8236856080722252,9.559214020180564,False
27,7019785261,3.411244472520531,0.0,7,15896.399241945674,2.274162981680354,17370.056854074544,36006.82248894504,17370.056854074544,10657.86481364498,2.274162981680354,1.137081490840177,0.0,26.383333333333333,False,False,False,True,18061.402400505372,15634.870499052433,2.274162981680354,2.274162981680354,0.0,8.5,2.274162981680354,15.919140871762478,0.0,7.959570435881239,2.274162981680354,15,651.5476942514214,74921.16234996842,16022.615287428933,6100.442198357549,4.548325963360708,1.137081490840177,0.0,1.137081490840177,0.0,0.0,0.0,151875.42640555906,19305.369551484524,10316.740366392925,0.0,0.0,90.96651926721415,34.11244472520531,54.5799115603285,9.096651926721416,3.411244472520531,3.411244472520531,1.137081490840177,1800.0000000000002,230236.26026531903,35488.31332912192,0.0,16814.024005053696,5330.638029058749,0.0,270.62539481996214,63.67656348704991,51.16866708780796,1.137081490840177,0.0,3438.5344283006953,159.19140871762477,396.84144030322176,4.548325963360708,7.959570435881239,3.411244472520531,15.919140871762478,0.0,0.0,2.274162981680354,7.959570435881239,True
28,7019660065,9.436435124508519,0.0,3,14190.039318479685,1.1795543905635648,4258.191349934469,21551.638269986892,4258.191349934469,11033.551769331585,4.718217562254259,1.1795543905635648,0.0,25.433333333333334,False,False,False,False,15245.740498034074,12562.254259501966,0.0,0.0,0.0,4.75,3.538663171690694,12.975098296199214,0.0,4.718217562254259,3.538663171690694,14,718.3486238532109,49312.450851900394,11047.706422018347,4048.2306684141545,4.718217562254259,0.0,0.0,0.0,0.0,0.0,0.0,142603.40760157272,19105.24246395806,11175.098296199212,0.0,0.0,93.18479685452162,23.591087811271297,42.463958060288334,5.897771952817824,3.538663171690694,4.718217562254259,15.334207077326342,1800.0,195774.18086500655,31862.123197903013,0.0,16603.407601572737,2420.445609436435,0.0,267.7588466579292,162.77850589777194,107.3394495412844,1.1795543905635648,1.1795543905635648,3858.3224115334206,1707.9947575360418,1378.8990825688072,0.0,2.3591087811271296,1.1795543905635648,22.41153342070773,0.0,0.0,3.538663171690694,9.436435124508519,True
29,7019578601,1.4814814814814814,0.0,0,13795.555555555555,1.4814814814814814,1720.0,3665.1851851851848,1720.0,11882.962962962962,5.925925925925926,0.0,0.0,20.25,False,False,False,False,12717.037037037036,12592.592592592591,0.0,0.0,1.4814814814814814,1.25,1.4814814814814814,5.925925925925926,0.0,2.962962962962963,1.4814814814814814,12,811.8518518518518,24703.7037037037,5339.259259259259,4505.185185185185,0.0,0.0,1.4814814814814814,0.0,0.0,0.0,0.0,110848.88888888888,14340.740740740739,15302.22222222222,0.0,0.0,77.03703703703704,16.296296296296294,38.51851851851852,5.925925925925926,2.962962962962963,4.444444444444445,5.925925925925926,1800.0,137798.5185185185,20397.037037037036,0.0,20597.037037037036,3687.4074074074074,0.0,260.7407407407407,63.7037037037037,142.22222222222223,1.4814814814814814,0.0,2245.9259259259256,717.037037037037,788.1481481481482,0.0,0.0,10.37037037037037,10.37037037037037,0.0,0.0,0.0,5.925925925925926,False
30,7019467788,3.951701427003293,0.0,0,13625.466520307355,0.9879253567508233,3388.583973655324,13905.049396267837,3388.583973655324,9916.794731064763,6.915477497255763,0.0,0.0,30.366666666666667,False,True,False,False,12718.551042810099,11706.915477497256,0.0,0.9879253567508233,0.0,1.4285714285714286,1.9758507135016465,5.92755214050494,0.0,1.9758507135016465,0.9879253567508233,15,506.80570801317236,47159.6048298573,6687.266739846323,4398.243688254665,16.794731064763994,0.0,0.0,0.0,0.0,0.0,0.0,122379.25356750823,9456.42151481888,17270.911086717893,0.0,0.0,78.04610318331504,21.734357848518112,45.444566410537874,3.951701427003293,2.96377607025247,5.92755214050494,0.9879253567508233,1800.0,171903.951701427,16235.56531284303,0.0,22105.81778265642,3625.6860592755215,0.0,222.28320526893523,78.04610318331504,202.52469813391878,0.9879253567508233,0.0,2365.093304061471,90.88913282107575,434.68715697036225,0.9879253567508233,1.9758507135016465,2.96377607025247,8.89132821075741,0.0,0.0,1.9758507135016465,4.939626783754116,True
31,7017669178,9.615384615384615,0.0,0,14901.923076923078,2.8846153846153846,10715.384615384615,41751.92307692308,10715.384615384615,15240.384615384615,5.769230769230769,1.9230769230769231,0.9615384615384616,31.2,False,False,False,True,15899.038461538463,12932.692307692309,0.0,0.9615384615384616,0.0,3.6666666666666665,2.8846153846153846,11.538461538461538,0.0,4.8076923076923075,1.9230769230769231,16,425.96153846153845,87879.80769230769,21710.576923076922,8891.346153846154,9.615384615384615,0.0,0.0,0.0,0.0,0.0,0.0,148436.53846153847,15863.461538461539,8323.076923076924,0.0,0.0,85.57692307692308,41.34615384615385,59.61538461538462,6.730769230769231,3.8461538461538463,4.8076923076923075,0.9615384615384616,1800.0,246356.73076923078,37775.0,0.0,19851.923076923078,3425.9615384615386,0.0,255.76923076923077,32.69230769230769,137.5,0.9615384615384616,0.0,10039.423076923078,200.0,2636.5384615384614,4.8076923076923075,4.8076923076923075,5.769230769230769,13.461538461538462,0.0,0.0,2.8846153846153846,3.8461538461538463,True
32,7016928170,7.806691449814126,0.0,2,16215.613382899628,2.2304832713754648,13435.315985130112,20485.873605947956,13435.315985130112,17116.728624535317,5.576208178438662,5.576208178438662,0.0,26.9,False,True,False,False,18307.806691449816,15947.955390334573,2.2304832713754648,2.2304832713754648,0.0,5.0,3.345724907063197,20.074349442379184,0.0,8.921933085501859,2.2304832713754648,15,823.0483271375465,86572.8624535316,20532.71375464684,7171.003717472119,23.42007434944238,1.1152416356877324,0.0,1.1152416356877324,0.0,0.0,0.0,146144.6096654275,18430.483271375466,16642.75092936803,0.0,0.0,91.44981412639406,35.687732342007436,50.185873605947954,6.691449814126394,4.4609665427509295,5.576208178438662,3.345724907063197,1800.0,236737.9182156134,39347.95539033457,0.0,25341.63568773234,7227.881040892194,0.0,253.15985130111525,113.75464684014871,149.44237918215615,1.1152416356877324,0.0,4020.446096654275,383.64312267657994,1525.6505576208178,1.1152416356877324,10.037174721189592,1.1152416356877324,15.613382899628252,0.0,0.0,5.576208178438662,6.691449814126394,True
33,7012499426,2.910266774454325,0.0,0,13849.959579628134,2.910266774454325,1731.6087308003234,2318.02748585287,1731.6087308003234,13976.556184316896,8.730800323362976,0.0,0.0,20.616666666666667,False,False,False,False,10648.666127728377,8585.28698464026,0.0,0.0,1.4551333872271626,0.8333333333333334,1.4551333872271626,4.365400161681488,0.0,2.910266774454325,1.4551333872271626,12,442.36054971705744,23996.60468876314,8433.953112368634,13548.74696847211,0.0,0.0,1.4551333872271626,0.0,0.0,0.0,0.0,113322.87793047697,17774.45432497979,9350.687146321747,0.0,0.0,91.67340339531124,27.64753435731609,58.2053354890865,7.275666936135813,2.910266774454325,4.365400161681488,0.0,1800.0,145730.1535974131,26209.86257073565,0.0,23270.493128536782,2923.3629749393695,0.0,232.821341956346,11.6410670978173,216.81487469684723,1.4551333872271626,0.0,8410.670978172999,0.0,369.6038803556993,0.0,0.0,13.096200485044463,14.551333872271625,1.4551333872271626,1.4551333872271626,1.4551333872271626,8.730800323362976,False
34,7012280244,5.47112462006079,0.0,3,12282.674772036475,3.6474164133738602,13674.164133738603,13674.164133738603,13674.164133738603,5440.121580547113,1.8237082066869301,0.0,0.0,16.45,False,False,True,False,16548.328267477205,14042.553191489362,0.0,0.0,0.0,11.0,3.6474164133738602,14.589665653495441,0.0,9.118541033434651,1.8237082066869301,10,1225.531914893617,33242.553191489365,7982.370820668693,386.62613981762917,7.2948328267477205,0.0,0.0,0.0,0.0,0.0,0.0,121438.905775076,17700.911854103342,9240.729483282676,0.0,0.0,80.24316109422493,23.70820668693009,51.06382978723404,5.47112462006079,1.8237082066869301,3.6474164133738602,3.6474164133738602,1800.0,157240.12158054713,26033.43465045593,0.0,9888.145896656535,2170.2127659574467,0.0,268.0851063829787,76.59574468085107,29.179331306990882,1.8237082066869301,0.0,2556.838905775076,350.15197568389056,258.96656534954406,1.8237082066869301,7.2948328267477205,0.0,12.76595744680851,0.0,0.0,0.0,9.118541033434651,True
35,7012042640,8.450704225352112,0.0,0,10970.221327967805,2.414486921529175,3804.024144869215,6220.925553319919,3804.024144869215,14488.128772635813,7.243460764587525,0.0,0.0,24.85,True,False,False,True,10820.523138832998,10140.845070422534,0.0,0.0,1.2072434607645874,1.3333333333333333,0.0,1.2072434607645874,0.0,0.0,1.2072434607645874,12,521.5291750503018,31104.627766599595,6952.515090543259,3549.295774647887,0.0,0.0,1.2072434607645874,0.0,0.0,0.0,0.0,105175.05030181086,12406.841046277665,17334.80885311871,0.0,0.0,68.81287726358148,24.14486921529175,43.46076458752515,7.243460764587525,4.82897384305835,6.036217303822937,0.0,1799.9999999999998,138385.11066398388,19446.277665995975,0.0,22381.086519114688,4452.313883299798,0.0,229.3762575452716,10.865191146881287,194.36619718309856,1.2072434607645874,0.0,2105.4325955734403,86.9215291750503,1496.9818913480885,1.2072434607645874,1.2072434607645874,9.6579476861167,9.6579476861167,0.0,0.0,3.6217303822937623,6.036217303822937,False
36,7006082279,6.057206954570949,0.0,1,13082.557487380822,1.0095344924284915,8337.74537296691,19738.418395961864,8337.74537296691,14441.390914189571,7.0667414469994405,0.0,0.0,29.716666666666665,False,False,False,False,12998.766124509257,11962.983735277623,1.0095344924284915,1.0095344924284915,0.0,1.8571428571428572,1.0095344924284915,7.0667414469994405,0.0,2.019068984856983,1.0095344924284915,14,502.7481772293888,54466.404935501974,10827.257431295571,14974.425126191814,8.076275939427932,0.0,0.0,1.0095344924284915,0.0,0.0,0.0,132361.07683679194,12332.473359506452,9322.04150308469,0.0,0.0,91.86763881099273,39.371845204711164,58.5530005608525,9.085810431856423,4.038137969713966,6.057206954570949,1.0095344924284915,1800.0000000000002,188491.19461581606,23553.449242849136,0.0,24370.162647223784,4043.1856421761086,0.0,234.21200224341,60.57206954570949,200.8973639932698,1.0095344924284915,0.0,1662.7033090297255,392.7089175546832,72.68648345485138,2.019068984856983,5.047672462142457,4.038137969713966,13.12394840157039,0.0,0.0,1.0095344924284915,8.076275939427932,True
37,7005518242,6.507592190889371,0.0,7,17822.993492407808,1.3015184381778742,10464.208242950108,43937.960954446855,10464.208242950108,19046.42082429501,6.507592190889371,3.9045553145336225,0.0,23.05,False,False,False,False,20331.019522776573,19431.670281995663,0.0,1.3015184381778742,0.0,6.0,7.809110629067245,32.53796095444685,0.0,11.713665943600867,3.9045553145336225,15,428.1995661605206,81859.0021691974,24247.288503253796,6610.412147505423,18.22125813449024,1.3015184381778742,0.0,1.3015184381778742,0.0,0.0,0.0,141780.91106290673,26709.761388286333,20407.809110629067,0.0,0.0,105.42299349240781,50.759219088937094,68.98047722342733,9.11062906724512,3.9045553145336225,3.9045553145336225,10.412147505422993,1800.0,230022.5596529284,51810.845986984816,0.0,27948.80694143167,4037.3101952277657,0.0,212.14750542299348,191.3232104121475,157.48373101952276,1.3015184381778742,1.3015184381778742,6381.344902386117,853.7960954446854,929.2841648590022,3.9045553145336225,6.507592190889371,2.6030368763557483,18.22125813449024,0.0,0.0,0.0,10.412147505422993,True
38,7005453504,6.779661016949152,0.0,5,18890.39548022599,3.389830508474576,12533.333333333334,15389.830508474577,12533.333333333334,13264.406779661018,5.649717514124294,1.1299435028248588,0.0,26.55,False,False,False,False,15543.502824858757,13502.824858757063,0.0,1.1299435028248588,0.0,2.4,1.1299435028248588,6.779661016949152,0.0,5.649717514124294,2.2598870056497176,17,395.48022598870057,56946.892655367235,10694.915254237289,4057.627118644068,13.559322033898304,0.0,0.0,1.1299435028248588,0.0,0.0,0.0,142174.01129943502,13812.429378531073,15454.237288135593,0.0,0.0,83.61581920903954,24.858757062146893,73.44632768361582,6.779661016949152,5.649717514124294,4.519774011299435,6.779661016949152,1800.0,202788.70056497175,25424.858757062146,0.0,19993.22033898305,4497.175141242938,0.0,258.7570621468927,90.3954802259887,143.50282485875707,1.1299435028248588,0.0,3666.666666666667,916.3841807909605,479.0960451977401,2.2598870056497176,5.649717514124294,4.519774011299435,13.559322033898304,0.0,0.0,0.0,9.03954802259887,True
39,7005425425,11.496350364963504,0.0,0,14620.894160583943,1.6423357664233578,4003.1934306569347,17196.076642335767,4003.1934306569347,18929.56204379562,7.39051094890511,2.4635036496350367,0.8211678832116789,36.53333333333333,False,False,False,False,13643.704379562045,12317.518248175184,0.8211678832116789,0.8211678832116789,0.8211678832116789,2.5555555555555554,1.6423357664233578,7.39051094890511,0.0,4.927007299270073,2.4635036496350367,17,488.5948905109489,72835.12773722628,18902.463503649637,6268.795620437957,11.496350364963504,0.0,0.8211678832116789,0.0,0.0,0.0,0.0,119621.9890510949,10829.56204379562,17688.777372262775,0.0,0.0,77.18978102189782,42.7007299270073,59.12408759124088,8.211678832116789,4.105839416058394,6.569343065693431,2.4635036496350367,1800.0,194519.0693430657,30241.97080291971,0.0,25408.576642335767,4538.594890510949,0.0,211.04014598540147,89.50729927007299,247.17153284671534,0.8211678832116789,0.8211678832116789,2061.9525547445255,509.12408759124094,1450.182481751825,0.8211678832116789,1.6423357664233578,6.569343065693431,16.423357664233578,0.0,0.0,2.4635036496350367,8.211678832116789,False
40,7004019085,15.667311411992262,0.8704061895551257,3,17633.55899419729,2.611218568665377,11633.849129593811,49741.10251450677,11633.849129593811,24776.112185686652,6.963249516441006,3.481624758220503,1.7408123791102514,34.46666666666667,False,False,False,False,18114.02321083172,15414.893617021276,0.0,0.0,0.8704061895551257,4.625,4.352030947775629,16.53771760154739,0.0,6.09284332688588,1.7408123791102514,18,322.9206963249516,131510.5415860735,29105.512572533848,10467.504835589942,40.90909090909091,0.0,0.0,0.8704061895551257,0.0,0.0,0.0,159703.86847195358,31889.941972920697,17239.26499032882,0.0,0.0,103.57833655705996,53.09477756286267,79.20696324951643,8.704061895551257,3.481624758220503,6.963249516441006,9.574468085106384,1800.0,294163.3462282398,62291.48936170213,0.0,28091.489361702126,2559.8646034816247,0.0,212.37911025145067,145.357833655706,208.02707930367504,0.8704061895551257,0.0,2948.0657640232107,1296.0348162475823,383.84912959381046,4.352030947775629,6.09284332688588,5.222437137330754,20.01934235976789,0.0,0.0,6.09284332688588,8.704061895551257,True
41,7003989620,13.315400134498992,0.0,0,15211.02891728312,2.42098184263618,9164.626765299261,27421.250840618693,9164.626765299261,11813.180901143241,6.052454606590451,1.21049092131809,0.0,24.783333333333335,False,False,False,True,17075.18493611298,16765.29926025555,0.0,0.0,0.0,4.6,3.63147276395427,14.52589105581708,0.0,6.052454606590451,2.42098184263618,14,445.4606590450572,69516.07262945527,15407.128446536652,6344.18291862811,18.15736381977135,0.0,0.0,0.0,0.0,0.0,0.0,127994.88903833221,13714.862138533961,12039.542703429724,0.0,0.0,83.52387357094821,33.89374579690652,59.31405514458641,6.052454606590451,3.63147276395427,4.84196368527236,4.84196368527236,1800.0,202472.76395427034,29597.713517148622,0.0,19226.227303295225,3207.800941492939,0.0,231.20376597175522,61.73503698722259,150.10087424344317,1.21049092131809,0.0,4961.802286482852,474.5124411566913,841.2911903160726,1.21049092131809,3.63147276395427,0.0,19.36785474108944,0.0,0.0,2.42098184263618,8.47343644922663,True
42,7003962699,3.7854889589905363,0.0,8,13288.958990536277,3.7854889589905363,5598.738170347003,5598.738170347003,5598.738170347003,8242.902208201893,3.7854889589905363,1.8927444794952681,0.0,15.85,False,True,False,True,16052.36593059937,14290.220820189274,0.0,0.0,0.0,6.0,1.8927444794952681,18.92744479495268,0.0,15.141955835962145,3.7854889589905363,10,776.02523659306,32583.596214511042,12582.965299684543,4268.13880126183,0.0,0.0,0.0,0.0,0.0,0.0,0.0,101604.4164037855,15603.78548895899,13357.097791798107,0.0,0.0,90.85173501577287,26.498422712933753,30.28391167192429,3.7854889589905363,3.7854889589905363,3.7854889589905363,0.0,1800.0,135308.51735015772,28186.750788643534,0.0,18365.299684542588,4164.03785488959,0.0,247.9495268138801,0.0,37.85488958990536,1.8927444794952681,0.0,1120.5047318611987,0.0,738.1703470031546,1.8927444794952681,1.8927444794952681,0.0,7.570977917981073,0.0,0.0,1.8927444794952681,3.7854889589905363,True
43,7003928513,8.798882681564246,0.0,15,17572.625698324024,3.7709497206703912,20517.7374301676,39720.67039106145,20517.7374301676,11995.391061452514,0.0,5.027932960893855,0.0,23.866666666666667,False,False,False,False,19025.69832402235,14329.608938547486,1.2569832402234637,1.2569832402234637,0.0,22.0,1.2569832402234637,18.854748603351958,0.0,18.854748603351958,3.7709497206703912,15,1793.7150837988827,32819.832402234635,10792.45810055866,3911.731843575419,15.083798882681565,1.2569832402234637,0.0,1.2569832402234637,0.0,0.0,0.0,193365.5027932961,24159.217877094972,9976.675977653631,0.0,0.0,105.58659217877096,26.39664804469274,60.33519553072626,8.798882681564246,3.7709497206703912,5.027932960893855,2.5139664804469275,1800.0,228407.6815642458,35231.98324022347,0.0,14550.837988826815,6673.324022346369,0.0,276.536312849162,86.73184357541899,0.0,1.2569832402234637,1.2569832402234637,2223.6033519553075,279.05027932960894,661.1731843575419,8.798882681564246,11.312849162011174,1.2569832402234637,15.083798882681565,0.0,0.0,1.2569832402234637,7.5418994413407825,True
44,7003261837,7.147584381204501,0.0,0,14739.510258107215,1.1912640635340834,10982.263401720715,12412.971542025149,10982.263401720715,8074.3878226340175,4.765056254136334,1.1912640635340834,0.0,25.183333333333334,False,True,False,False,15495.962938451357,15009.927200529452,1.1912640635340834,2.382528127068167,1.1912640635340834,3.75,3.5737921906022505,10.72137657180675,0.0,4.765056254136334,2.382528127068167,14,1064.9900727994707,47381.33686300463,8625.943084050297,6389.940436796824,9.530112508272667,0.0,0.0,0.0,0.0,0.0,0.0,126789.8080741231,16093.977498345466,7837.326273990735,0.0,0.0,83.38848444738584,25.016545334215753,45.26803441429517,5.956320317670417,2.382528127068167,2.382528127068167,2.382528127068167,1800.0,177609.1330244871,25351.29053606883,0.0,15930.774321641298,2542.157511581734,0.0,239.44407677035076,47.650562541363335,113.17008603573792,1.1912640635340834,0.0,3436.7968232958306,630.1786896095301,1702.3163467902052,3.5737921906022505,5.956320317670417,4.765056254136334,15.486432825943085,0.0,0.0,1.1912640635340834,8.338848444738584,True
45,7003188716,8.685162846803378,0.0,8,16150.06031363088,1.0856453558504222,10544.87334137515,22776.83956574186,10544.87334137515,16893.72738238842,4.342581423401689,3.2569360675512664,0.0,27.633333333333333,False,False,True,False,17723.16043425814,14873.341375150785,0.0,1.0856453558504222,0.0,5.75,4.342581423401689,16.284680337756335,0.0,8.685162846803378,3.2569360675512664,16,590.5910735826296,69570.32569360676,21046.320868516286,12049.577804583836,13.027744270205066,1.0856453558504222,0.0,1.0856453558504222,0.0,0.0,0.0,160778.64897466826,27060.796139927625,10544.87334137515,0.0,0.0,105.30759951749096,45.59710494571773,62.96743063932449,7.599517490952955,3.2569360675512664,3.2569360675512664,8.685162846803378,1800.0,233402.89505428227,49203.61881785283,0.0,22972.255729794935,4553.196622436671,0.0,261.64053075995173,108.56453558504222,134.62002412545235,1.0856453558504222,2.1712907117008444,3052.834740651387,1095.416164053076,376.7189384800965,3.2569360675512664,5.428226779252111,2.1712907117008444,18.455971049457176,0.0,0.0,3.2569360675512664,7.599517490952955,True
46,7003163524,6.010016694490819,0.0,7,12304.00667779633,1.5025041736227047,5034.891485809683,5034.891485809683,5034.891485809683,7964.7746243739575,1.5025041736227047,0.0,0.0,19.966666666666665,False,False,False,False,14054.42404006678,13297.161936560937,0.0,0.0,0.0,11.0,1.5025041736227047,10.517529215358934,0.0,10.517529215358934,1.5025041736227047,11,305.0083472454091,10538.56427378965,4424.874791318865,7679.298831385644,0.0,0.0,0.0,0.0,0.0,0.0,0.0,115354.75792988316,15109.18196994992,6303.005008347246,0.0,0.0,76.62771285475795,28.54757929883139,48.08013355592655,3.0050083472454094,4.507512520868114,6.010016694490819,0.0,1800.0000000000002,134679.96661101838,19534.056761268785,0.0,14436.060100166947,4136.393989983306,0.0,244.90818030050087,0.0,12.020033388981638,1.5025041736227047,0.0,8786.644407345577,0.0,452.2537562604341,1.5025041736227047,3.0050083472454094,0.0,16.527545909849753,0.0,0.0,4.507512520868114,7.512520868113524,True
47,7002660555,14.41048034934498,0.0,7,17510.043668122275,1.310043668122271,21865.938864628824,39868.55895196507,21865.938864628824,18209.606986899566,3.930131004366813,1.310043668122271,0.0,22.9,False,False,False,True,19573.36244541485,17685.589519650657,1.310043668122271,2.620087336244542,0.0,8.0,2.620087336244542,17.03056768558952,0.0,9.170305676855897,3.930131004366813,15,310.4803493449782,83930.56768558953,20912.227074235812,2168.1222707423585,20.960698689956335,0.0,0.0,1.310043668122271,0.0,0.0,0.0,168892.1397379913,26937.117903930135,18661.57205240175,0.0,0.0,108.73362445414848,43.23144104803494,72.0524017467249,9.170305676855897,3.930131004366813,5.240174672489084,13.100436681222709,1800.0000000000002,257114.41048034938,49325.764192139744,0.0,21953.711790393016,6940.611353711792,0.0,260.6986899563319,186.02620087336246,53.71179039301311,1.310043668122271,1.310043668122271,4293.013100436682,1475.109170305677,1122.707423580786,9.170305676855897,10.480349344978167,3.930131004366813,9.170305676855897,0.0,0.0,1.310043668122271,5.240174672489084,True
48,7002640108,5.92755214050494,0.0,6,14824.807903402854,1.9758507135016465,11924.259055982437,11924.259055982437,11924.259055982437,10495.718990120746,7.903402854006586,7.903402854006586,0.0,15.183333333333334,False,False,False,True,18424.807903402852,15115.257958287597,0.0,0.0,0.0,3.75,7.903402854006586,23.71020856201976,0.0,11.85510428100988,3.951701427003293,11,375.41163556531285,30204.829857299672,9691.547749725576,8543.57848518112,0.0,0.0,0.0,0.0,0.0,0.0,0.0,117150.16465422613,19574.753018660813,10971.899012074644,0.0,0.0,92.86498353457739,23.71020856201976,51.37211855104281,5.92755214050494,5.92755214050494,7.903402854006586,0.0,1800.0,147746.21295279913,29268.276619099892,0.0,19695.27991218441,3663.2272228320526,0.0,266.73984632272226,7.903402854006586,79.03402854006586,1.9758507135016465,0.0,391.218441273326,0.0,177.82656421514818,3.951701427003293,3.951701427003293,0.0,15.806805708013172,0.0,0.0,1.9758507135016465,9.879253567508233,True
49,7002632799,12.043795620437956,0.0,2,16426.642335766424,3.2846715328467155,13748.540145985402,22432.116788321167,13748.540145985402,16110.21897810219,4.37956204379562,2.18978102189781,0.0,27.4,False,False,False,False,15953.649635036496,14726.277372262773,2.18978102189781,2.18978102189781,0.0,6.0,2.18978102189781,14.233576642335766,0.0,10.94890510948905,3.2846715328467155,16,652.5547445255474,63448.90510948905,18822.26277372263,8159.124087591241,13.138686131386862,0.0,0.0,1.094890510948905,0.0,0.0,0.0,138336.13138686132,19795.620437956204,13391.60583941606,0.0,0.0,85.4014598540146,41.605839416058394,74.45255474452554,7.664233576642336,4.37956204379562,4.37956204379562,3.2846715328467155,1800.0,204705.1094890511,39155.47445255474,0.0,21903.284671532845,6239.78102189781,0.0,222.26277372262774,76.64233576642336,112.77372262773723,1.094890510948905,1.094890510948905,2918.978102189781,536.4963503649635,351.45985401459853,3.2846715328467155,6.569343065693431,3.2846715328467155,16.423357664233578,0.0,0.0,1.094890510948905,8.75912408759124,True
